1,871,327,16,20,
2,676,717,27,26,
3,245,818,19,21,
4,89,306,22,11,
5,451,712,20,11,
6,322,299,24,29,
7,161,304,10,29,
8,746,459,19,25,
9,720,21,19,29,
10,803,435,22,20,
11,437,394,13,29,
12,654,445,22,25,
13,723,721,3,10,
14,643,575,13,28,
15,706,265,16,18,
16,670,661,21,21,
17,168,664,26,15,
18,4,461,19,29,
19,771,73,20,29,
20,730,864,24,12,
21,373,371,19,27,
22,666,803,23,17,
23,944,277,28,12,
24,579,563,25,13,
25,318,469,26,16,
26,711,739,29,19,
27,80,902,22,13,
28,799,133,11,25,
29,783,235,28,15,
30,976,309,14,23,
31,154,301,19,28,
32,287,729,15,26,
33,145,39,18,29,
34,23,699,21,18,
35,320,199,25,11,
36,181,956,18,27,
37,969,84,16,11,
38,886,933,23,16,
39,155,76,14,22,
40,970,303,17,14,
41,929,942,13,12,
42,514,723,28,11,
43,97,725,27,10,
44,434,511,22,23,
45,235,150,14,17,
46,287,946,18,18,
47,554,504,20,13,
48,462,925,21,10,
49,322,311,26,17,
50,916,849,17,13,
51,14,740,18,13,
52,563,754,20,18,
53,832,184,19,14,
54,605,771,20,25,
55,945,191,16,29,
56,767,306,23,11,
57,308,299,18,20,
58,608,791,10,27,
59,962,408,19,28,
60,400,619,21,12,
61,648,908,29,29,
62,728,583,22,19,
63,838,488,10,10,
64,292,879,25,20,
65,372,155,22,11,
66,978,60,16,25,
67,329,578,29,15,
68,590,207,19,26,
69,694,268,13,21,
70,552,924,19,18,
71,525,96,24,26,
72,912,786,10,25,
73,177,43,13,12,
74,575,731,27,19,
75,470,713,24,25,
76,742,318,18,26,
77,509,560,19,11,
78,641,596,28,25,
79,862,935,14,16,
80,639,37,16,24,
81,162,900,14,23,
82,512,99,25,17,
83,572,413,25,27,
84,890,910,26,29,
85,869,418,22,11,
86,519,691,29,28,
87,138,646,29,29,
88,407,18,29,17,
89,185,755,18,23,
90,382,156,16,13,
91,140,469,26,16,
92,718,13,27,12,
93,711,785,11,14,
94,730,792,25,13,
95,0,40,22,15,
96,264,228,20,24,
97,861,256,12,13,
98,175,169,20,15,
99,725,583,26,13,
100,389,688,26,18,
101,593,790,11,15,
102,171,458,28,21,
103,531,355,23,28,
104,87,260,20,15,
105,79,114,23,21,
106,58,729,12,13,
107,242,599,27,10,
108,537,454,13,25,
109,201,508,24,21,
110,243,577,16,19,
111,402,606,14,26,
112,796,874,29,11,
113,726,388,24,15,
114,721,590,18,24,
115,243,147,18,28,
116,347,23,21,21,
117,666,432,22,12,
118,363,782,24,21,
119,577,763,21,20,
120,264,117,16,23,
121,23,547,12,27,
122,199,836,20,22,
123,892,901,11,19,
124,747,429,20,23,
125,204,605,25,16,
126,172,803,15,11,
127,195,784,21,13,
128,204,819,24,25,
129,619,582,4,16,
130,885,672,12,18,
131,186,761,20,17,
132,259,820,26,20,
133,226,21,18,29,
134,973,244,24,22,
135,884,704,29,12,
136,224,559,25,24,
137,599,566,28,10,
138,600,62,20,23,
139,34,526,14,17,
140,569,18,15,20,
141,70,212,26,20,
142,574,122,27,22,
143,789,610,20,24,
144,934,649,25,14,
145,862,658,18,13,
146,660,573,3,5,
147,793,801,24,23,
148,848,108,14,22,
149,278,124,12,24,
150,276,936,19,10,
151,946,399,12,25,
152,968,954,29,17,
153,188,832,18,15,
154,866,684,27,21,
155,297,332,19,10,
156,581,788,15,17,
157,744,168,23,18,
158,279,353,29,16,
159,388,327,15,12,
160,100,419,13,15,
161,114,825,29,13,
162,558,228,22,10,
163,350,917,17,20,
164,624,956,29,12,
165,702,752,20,16,
166,908,54,16,25,
167,110,905,20,22,
168,46,603,23,18,
169,396,211,13,27,
170,188,47,25,25,
171,411,958,10,13,
172,705,12,16,23,
173,876,778,12,16,
174,784,818,11,23,
175,298,266,17,10,
176,958,195,16,23,
177,411,779,17,23,
178,442,307,5,15,
179,320,514,29,17,
180,330,320,21,16,
181,702,11,22,23,
182,363,285,26,21,
183,357,148,26,18,
184,640,578,13,28,
185,769,511,21,11,
186,958,180,15,28,
187,401,309,13,19,
188,163,771,25,25,
189,537,364,23,13,
190,747,456,23,10,
191,907,462,12,16,
192,200,239,19,27,
193,324,86,12,19,
194,644,181,15,17,
195,917,910,10,25,
196,61,710,17,29,
197,552,276,16,21,
198,714,559,23,22,
199,360,797,26,13,
200,790,96,13,23,
201,231,395,28,24,
202,974,249,10,16,
203,162,828,15,29,
204,410,668,29,26,
205,13,565,19,26,
206,761,908,20,20,
207,10,667,15,21,
208,956,735,22,27,
209,49,964,28,28,
210,957,46,24,20,
211,757,739,11,21,
212,429,584,13,20,
213,882,968,17,22,
214,22,307,22,19,
215,113,251,13,24,
216,335,3,10,27,
217,778,964,13,20,
218,886,205,19,29,
219,312,844,10,29,
220,173,801,10,20,
221,192,784,17,13,
222,818,393,18,12,
223,638,331,23,19,
224,723,970,14,29,
225,908,911,19,19,
226,870,372,11,15,
227,659,860,5,17,
228,572,112,25,21,
229,911,686,18,16,
230,356,730,14,11,
231,682,122,28,22,
232,202,314,13,29,
233,38,345,10,11,
234,530,954,28,29,
235,865,933,28,28,
236,79,389,16,15,
237,576,734,17,11,
238,497,394,17,14,
239,196,595,16,18,
240,470,669,12,18,
241,303,641,29,15,
242,157,546,27,27,
243,484,663,20,23,
244,348,242,20,21,
245,214,38,23,23,
246,761,280,13,17,
247,508,185,12,16,
248,35,682,18,23,
249,783,489,19,27,
250,44,117,13,10,
251,161,888,17,28,
252,64,726,12,12,
253,645,600,24,15,
254,380,481,24,23,
255,714,577,15,24,
256,966,107,28,20,
257,687,650,13,12,
258,253,179,25,18,
259,53,712,29,17,
260,133,545,20,29,
261,591,788,18,27,
262,534,531,10,24,
263,298,562,27,13,
264,920,933,25,10,
265,201,231,13,21,
266,108,467,23,18,
267,185,387,26,20,
268,184,840,20,15,
269,419,579,23,15,
270,29,317,25,26,
271,251,52,19,16,
272,802,179,29,18,
273,806,942,21,11,
274,106,738,25,20,
275,585,436,26,23,
276,130,547,18,11,
277,730,154,18,24,
278,413,947,10,20,
279,264,750,27,21,
280,581,237,3,9,
281,725,300,24,10,
282,295,93,23,24,
283,610,761,17,19,
284,425,402,14,14,
285,415,817,17,20,
286,840,294,12,17,
287,51,811,26,11,
288,519,950,12,25,
289,123,771,24,29,
290,957,490,11,17,
291,73,787,15,28,
292,483,820,11,18,
293,634,665,14,17,
294,141,553,16,17,
295,512,685,15,25,
296,648,741,27,20,
297,942,537,12,14,
298,946,659,26,13,
299,239,537,20,24,
300,143,504,13,20,
301,348,954,26,12,
302,309,110,23,11,
303,896,578,29,13,
304,678,687,20,26,
305,598,720,12,28,
306,893,418,10,28,
307,651,378,24,26,
308,495,342,24,10,
309,455,80,18,22,
310,668,87,15,26,
311,24,60,19,22,
312,645,728,15,12,
313,80,681,27,22,
314,533,859,11,23,
315,66,836,16,15,
316,282,606,23,28,
317,521,655,14,18,
318,924,546,14,26,
319,739,770,29,10,
320,37,78,23,10,
321,715,122,26,10,
322,11,583,15,19,
323,596,92,17,27,
324,893,211,28,12,
325,485,395,11,23,
326,960,283,26,18,
327,290,446,12,16,
328,700,764,18,10,
329,41,328,17,10,
330,716,169,13,11,
331,357,806,21,18,
332,736,20,12,19,
333,903,918,12,11,
334,27,527,20,21,
335,876,129,14,11,
336,829,561,28,15,
337,189,133,20,11,
338,837,220,23,14,
339,108,371,18,11,
340,641,795,28,14,
341,335,281,16,21,
342,59,876,29,10,
343,101,890,10,20,
344,535,341,28,18,
345,161,764,28,16,
346,565,498,10,26,
347,949,105,19,15,
348,940,624,13,26,
349,406,5,22,15,
350,724,968,24,27,
351,584,269,27,12,
352,594,289,25,24,
353,818,727,14,17,
354,833,603,27,13,
355,565,489,19,27,
356,315,332,23,14,
357,842,308,13,19,
358,400,80,17,20,
359,438,95,29,20,
360,804,889,9,3,
361,900,289,18,14,
362,14,830,16,29,
363,301,484,24,19,
364,336,212,14,21,
365,310,659,16,23,
366,208,592,22,12,
367,768,911,13,29,
368,320,300,15,28,
369,541,264,25,16,
370,893,198,29,16,
371,359,479,12,12,
372,659,91,12,21,
373,961,43,24,25,
374,881,429,26,18,
375,705,718,20,21,
376,469,835,5,5,
377,928,291,23,17,
378,632,342,29,24,
379,312,599,12,26,
380,715,395,15,12,
381,582,572,13,10,
382,699,645,16,13,
383,788,892,13,10,
384,278,84,12,19,
385,278,403,5,4,
386,753,174,28,21,
387,127,27,24,28,
388,606,286,14,26,
389,903,939,13,15,
390,332,122,12,11,
391,880,199,15,19,
392,531,471,28,26,
393,948,10,27,25,
394,16,604,24,22,
395,562,360,13,29,
396,682,910,28,20,
397,100,491,17,10,
398,128,20,20,14,
399,303,681,22,12,
400,397,641,22,25,
401,794,865,18,28,
402,875,936,12,17,
403,391,570,14,24,
404,77,284,27,24,
405,310,450,10,24,
406,910,635,16,29,
407,504,711,11,27,
408,344,163,16,19,
409,313,756,11,26,
410,864,716,15,20,
411,689,215,23,10,
412,766,435,24,28,
413,701,221,12,18,
414,914,773,15,26,
415,913,310,19,10,
416,983,305,17,20,
417,304,571,11,29,
418,578,573,11,29,
419,196,424,22,13,
420,275,539,16,20,
421,906,311,10,22,
422,802,886,15,10,
423,749,724,27,29,
424,82,311,24,10,
425,416,835,15,18,
426,814,718,27,26,
427,676,936,29,19,
428,419,17,14,27,
429,732,449,28,21,
430,709,771,16,26,
431,729,216,14,20,
432,243,67,15,15,
433,881,813,21,27,
434,324,361,25,15,
435,980,785,11,16,
436,250,418,22,24,
437,174,181,27,23,
438,551,934,17,23,
439,976,707,18,17,
440,538,426,22,17,
441,238,533,14,10,
442,873,117,27,11,
443,437,98,10,16,
444,692,575,29,28,
445,333,1,18,10,
446,299,198,13,23,
447,444,531,15,20,
448,917,209,15,29,
449,450,930,25,12,
450,959,493,5,10,
451,832,370,14,28,
452,699,670,13,19,
453,287,629,28,18,
454,295,900,17,10,
455,596,783,29,26,
456,313,704,16,14,
457,80,584,17,24,
458,636,863,26,18,
459,530,16,24,12,
460,303,618,27,28,
461,79,870,28,26,
462,77,692,16,25,
463,54,492,23,22,
464,985,714,11,15,
465,476,807,16,10,
466,82,377,13,11,
467,517,570,15,16,
468,386,580,26,26,
469,649,358,22,18,
470,780,113,11,26,
471,628,186,22,21,
472,229,805,12,12,
473,593,162,16,14,
474,875,969,24,28,
475,335,791,18,28,
476,389,648,15,14,
477,858,787,11,14,
478,392,47,17,18,
479,559,233,14,20,
480,890,441,18,18,
481,962,559,22,20,
482,31,690,10,21,
483,715,34,24,16,
484,12,117,28,17,
485,632,541,15,10,
486,700,898,23,25,
487,166,580,18,17,
488,25,922,11,21,
489,575,120,16,11,
490,434,746,28,20,
491,717,770,11,29,
492,576,681,28,23,
493,511,697,14,16,
494,216,536,15,25,
495,878,790,18,18,
496,834,22,25,26,
497,682,407,12,12,
498,415,124,17,27,
499,420,656,12,18,
500,381,616,10,26,
501,311,317,23,23,
502,958,546,15,22,
503,795,849,16,20,
504,259,65,20,19,
505,219,268,24,20,
506,710,595,24,16,
507,795,178,19,18,
508,561,805,29,25,
509,921,947,24,26,
510,158,577,20,13,
511,647,451,28,14,
512,856,59,18,19,
513,670,729,22,15,
514,208,114,21,19,
515,183,864,18,11,
516,131,735,10,23,
517,733,771,10,11,
518,684,627,14,21,
519,660,418,16,17,
520,865,27,23,21,
521,854,726,20,17,
522,532,778,26,12,
523,406,147,12,20,
524,294,898,17,18,
525,122,373,15,16,
526,698,265,19,13,
527,677,411,25,18,
528,156,779,20,22,
529,452,448,15,17,
530,476,751,21,15,
531,576,486,16,17,
532,833,616,25,20,
533,336,24,16,23,
534,146,778,15,10,
535,591,785,26,17,
536,824,181,20,26,
537,587,785,12,19,
538,847,247,27,25,
539,687,801,10,26,
540,915,155,29,14,
541,514,320,11,24,
542,930,668,26,24,
543,385,610,11,25,
544,527,570,16,22,
545,870,61,22,13,
546,866,18,28,10,
547,326,763,15,29,
548,384,929,26,23,
549,85,458,23,26,
550,229,936,13,18,
551,75,806,25,21,
552,819,504,11,4,
553,179,968,17,24,
554,915,262,20,28,
555,461,809,24,16,
556,488,321,13,16,
557,34,704,18,11,
558,229,320,13,28,
559,540,479,17,22,
560,282,515,29,21,
561,351,670,13,17,
562,452,726,24,24,
563,376,661,13,13,
564,710,313,13,14,
565,16,459,20,22,
566,551,322,21,24,
567,597,467,16,10,
568,229,802,17,14,
569,120,713,21,27,
570,15,148,29,22,
571,463,699,10,16,
572,295,442,15,11,
573,230,276,12,12,
574,60,748,22,14,
575,222,515,29,22,
576,420,584,22,14,
577,33,520,11,28,
578,105,453,14,28,
579,766,930,11,18,
580,306,680,25,14,
581,39,311,25,17,
582,7,674,23,24,
583,721,718,10,18,
584,486,722,19,24,
585,69,705,28,18,
586,371,165,21,26,
587,741,154,29,22,
588,84,673,27,16,
589,5,830,24,26,
590,44,946,12,24,
591,269,166,23,15,
592,576,56,27,21,
593,26,922,26,21,
594,87,677,17,19,
595,682,801,17,11,
596,379,561,14,27,
597,588,868,29,19,
598,239,260,10,20,
599,460,830,18,15,
600,619,458,25,21,
601,308,438,26,28,
602,683,95,14,12,
603,309,749,12,10,
604,57,464,14,11,
605,70,487,13,18,
606,187,487,14,10,
607,18,598,11,19,
608,966,746,20,16,
609,94,879,11,20,
610,699,122,26,29,
611,863,800,18,21,
612,55,601,19,10,
613,628,544,13,25,
614,357,390,28,27,
615,589,170,13,12,
616,94,530,27,21,
617,710,370,11,13,
618,617,580,11,24,
619,873,983,17,15,
620,383,634,21,29,
621,825,660,21,27,
622,347,375,15,21,
623,455,449,18,25,
624,724,354,24,20,
625,680,198,21,29,
626,572,387,18,16,
627,119,90,20,13,
628,546,31,15,23,
629,128,371,20,26,
630,268,137,16,16,
631,453,708,21,16,
632,209,167,18,27,
633,191,77,20,28,
634,812,452,10,26,
635,178,826,21,19,
636,257,919,20,28,
637,91,888,26,20,
638,8,343,15,22,
639,565,285,21,22,
640,554,192,11,15,
641,920,851,12,18,
642,956,406,22,16,
643,579,446,24,14,
644,210,231,17,10,
645,89,269,11,28,
646,935,391,18,17,
647,663,125,12,29,
648,870,317,10,16,
649,761,706,25,15,
650,294,601,29,12,
651,603,215,13,16,
652,271,519,15,26,
653,253,557,28,13,
654,845,536,28,18,
655,172,873,13,10,
656,393,414,24,27,
657,71,432,14,11,
658,45,326,29,23,
659,60,639,17,15,
660,426,458,28,25,
661,825,370,20,14,
662,32,105,23,28,
663,611,884,22,27,
664,122,251,26,16,
665,223,273,27,17,
666,157,778,15,13,
667,189,909,13,17,
668,872,888,28,22,
669,776,503,16,20,
670,238,158,17,28,
671,662,788,29,20,
672,65,835,21,28,
673,274,222,12,23,
674,586,558,26,12,
675,523,681,14,10,
676,842,566,17,23,
677,545,37,12,13,
678,798,824,18,29,
679,886,194,26,12,
680,745,370,7,4,
681,192,229,10,13,
682,772,962,13,27,
683,665,635,22,19,
684,920,191,18,29,
685,391,391,14,17,
686,201,915,15,21,
687,102,426,8,4,
688,149,207,10,13,
689,90,661,10,16,
690,353,74,23,28,
691,756,754,11,25,
692,573,322,22,10,
693,544,264,28,27,
694,296,5,27,14,
695,98,757,15,16,
696,422,646,24,23,
697,602,444,21,16,
698,284,536,21,15,
699,575,977,18,22,
700,850,58,13,14,
701,901,793,15,28,
702,805,151,13,24,
703,178,312,24,29,
704,395,51,13,27,
705,765,444,10,28,
706,48,945,10,29,
707,954,625,26,14,
708,716,730,23,12,
709,830,396,14,28,
710,669,425,10,15,
711,354,834,20,14,
712,311,322,23,13,
713,235,945,17,26,
714,401,236,29,29,
715,672,647,24,11,
716,558,982,19,13,
717,656,457,11,4,
718,222,873,24,17,
719,159,536,17,10,
720,184,104,21,17,
721,941,536,14,13,
722,137,54,25,13,
723,832,379,25,28,
724,645,900,24,23,
725,748,189,24,13,
726,560,187,21,11,
727,328,709,23,11,
728,511,377,20,24,
729,686,404,16,24,
730,53,321,20,28,
731,585,434,16,13,
732,168,600,11,25,
733,329,331,29,12,
734,334,521,11,15,
735,234,646,13,18,
736,588,795,16,22,
737,176,198,18,16,
738,525,573,13,12,
739,225,43,10,10,
740,923,159,15,17,
741,314,6,29,13,
742,647,848,21,18,
743,898,963,27,21,
744,518,532,21,11,
745,15,155,14,21,
746,201,822,14,13,
747,714,297,23,16,
748,350,148,15,13,
749,880,127,23,16,
750,491,387,28,22,
751,180,34,13,20,
752,366,622,24,14,
753,526,2,23,17,
754,522,647,10,21,
755,518,581,12,17,
756,761,698,28,25,
757,524,619,25,21,
758,411,285,18,27,
759,642,919,22,19,
760,291,219,19,22,
761,677,962,24,27,
762,936,534,24,21,
763,450,660,29,19,
764,181,21,19,23,
765,278,561,24,15,
766,528,414,11,18,
767,278,839,19,22,
768,20,38,20,14,
769,321,526,19,17,
770,558,905,18,28,
771,456,931,23,28,
772,610,727,18,21,
773,688,936,25,29,
774,332,528,20,29,
775,963,291,22,21,
776,567,701,14,17,
777,802,677,26,15,
778,589,428,21,14,
779,665,412,22,29,
780,290,285,25,29,
781,868,342,10,25,
782,334,738,23,24,
783,582,480,20,16,
784,368,800,24,15,
785,797,400,28,13,
786,715,556,14,18,
787,86,480,28,29,
788,57,457,28,26,
789,141,736,22,17,
790,668,401,12,29,
791,528,400,13,12,
792,369,40,20,24,
793,734,759,27,26,
794,389,583,19,12,
795,885,99,26,21,
796,10,871,24,23,
797,657,604,23,26,
798,830,178,14,20,
799,442,466,14,11,
800,537,314,24,21,
801,110,684,13,24,
802,807,914,29,20,
803,415,331,26,14,
804,66,622,10,25,
805,967,783,15,28,
806,54,307,27,12,
807,329,232,10,10,
808,41,725,21,18,
809,449,713,26,17,
810,850,610,18,11,
811,707,284,26,21,
812,639,936,15,19,
813,746,34,21,29,
814,491,192,24,22,
815,152,641,11,21,
816,213,873,23,17,
817,228,877,21,22,
818,840,490,5,5,
819,138,718,23,27,
820,844,957,22,20,
821,651,913,26,21,
822,173,129,18,22,
823,213,423,15,13,
824,710,592,14,23,
825,78,466,29,26,
826,743,464,17,27,
827,260,557,11,12,
828,183,393,19,25,
829,710,643,18,28,
830,927,642,24,10,
831,5,864,22,10,
832,667,916,26,23,
833,674,697,13,23,
834,525,751,22,19,
835,621,527,29,24,
836,643,955,16,28,
837,910,895,16,19,
838,955,603,26,29,
839,831,931,14,17,
840,652,361,18,26,
841,633,798,18,28,
842,198,492,12,20,
843,74,433,15,16,
844,530,460,15,23,
845,389,682,28,27,
846,979,632,16,22,
847,249,569,25,19,
848,829,607,14,10,
849,20,685,16,27,
850,390,646,10,10,
851,590,829,11,7,
852,607,268,12,11,
853,108,256,16,10,
854,157,775,22,21,
855,696,269,28,28,
856,879,370,29,13,
857,135,92,27,14,
858,534,545,11,24,
859,190,854,15,20,
860,831,105,13,19,
861,538,346,20,27,
862,665,642,21,13,
863,552,890,18,19,
864,170,867,10,10,
865,656,858,15,22,
866,882,55,19,24,
867,338,390,20,29,
868,961,81,13,10,
869,917,453,28,25,
870,838,546,13,16,
871,723,164,22,15,
872,329,197,13,26,
873,72,105,22,19,
874,736,303,22,22,
875,638,842,24,13,
876,872,879,15,25,
877,479,758,23,29,
878,154,322,27,25,
879,664,116,29,14,
880,42,129,13,20,
881,53,869,13,24,
882,141,84,27,15,
883,499,665,22,13,
884,661,98,28,19,
885,510,488,13,15,
886,235,305,19,27,
887,588,272,22,11,
888,921,625,23,26,
889,17,354,12,13,
890,169,468,26,12,
891,718,209,16,23,
892,476,591,14,14,
893,165,737,27,23,
894,952,796,14,28,
895,340,751,10,12,
896,967,629,15,10,
897,279,364,12,14,
898,168,299,12,18,
899,722,708,29,22,
900,382,380,28,21,
901,351,812,20,14,
902,535,864,6,8,
903,466,833,18,12,
904,377,691,18,10,
905,343,369,14,19,
906,780,445,12,13,
907,272,401,17,19,
908,207,615,18,17,
909,742,353,29,25,
910,764,107,18,29,
911,335,586,21,24,
912,367,104,17,19,
913,864,936,26,26,
914,186,399,18,16,
915,629,872,11,17,
916,686,800,14,22,
917,576,251,15,21,
918,830,127,27,14,
919,340,931,18,13,
920,84,450,22,11,
921,948,54,27,14,
922,657,801,10,12,
923,284,837,13,28,
924,827,755,22,14,
925,749,769,14,28,
926,544,601,16,22,
927,451,632,14,19,
928,752,959,21,12,
929,146,63,16,18,
930,395,199,11,26,
931,97,451,12,22,
932,357,672,16,25,
933,389,158,13,14,
934,591,487,25,18,
935,964,523,26,11,
936,333,242,24,19,
937,743,285,16,26,
938,852,976,12,19,
939,835,1,23,27,
940,442,464,17,11,
941,474,579,21,26,
942,376,292,20,22,
943,748,912,12,11,
944,393,616,13,20,
945,889,445,26,23,
946,107,799,25,22,
947,278,883,20,19,
948,921,621,28,21,
949,740,779,10,20,
950,48,473,14,25,
951,335,902,20,19,
952,95,58,22,17,
953,758,122,28,28,
954,706,375,18,24,
955,898,76,21,10,
956,233,931,17,26,
957,728,10,29,17,
958,725,244,24,29,
959,861,227,26,12,
960,318,681,20,21,
961,889,119,13,10,
962,92,248,24,19,
963,925,164,26,21,
964,514,493,11,22,
965,505,877,14,24,
966,166,538,28,15,
967,354,922,14,21,
968,879,809,12,15,
969,84,550,17,11,
970,164,838,8,12,
971,90,843,16,16,
972,45,28,4,13,
973,448,770,28,25,
974,939,531,17,21,
975,724,156,11,23,
976,414,785,10,15,
977,93,880,10,14,
978,968,309,25,24,
979,22,115,18,25,
980,767,539,22,27,
981,360,98,20,27,
982,453,919,16,26,
983,924,157,25,11,
984,434,453,19,17,
985,829,195,29,26,
986,503,908,12,18,
987,579,235,12,15,
988,963,329,19,25,
989,716,120,17,25,
990,323,814,16,23,
991,524,476,25,12,
992,955,805,10,25,
993,178,201,3,4,
994,69,217,16,17,
995,650,848,25,10,
996,162,642,12,26,
997,924,725,12,12,
998,79,598,15,11,
999,387,656,23,14,
1000,601,124,17,16,
1001,586,176,25,23,
1002,246,658,25,23,
1003,524,764,13,15,
1004,631,562,29,19,
1005,83,364,14,17,
1006,107,373,25,17,
1007,171,275,21,21,
1008,368,954,10,17,
1009,434,589,10,12,
1010,421,288,18,25,
1011,871,117,25,28,
1012,494,541,14,14,
1013,498,328,12,23,
1014,217,32,14,29,
1015,583,827,25,12,
1016,8,465,18,13,
1017,405,229,23,14,
1018,216,862,22,25,
1019,869,952,25,20,
1020,341,146,11,23,
1021,662,62,23,19,
1022,861,650,13,10,
1023,710,602,11,27,
1024,849,337,25,25,
1025,913,975,11,22,
1026,855,82,28,17,
1027,408,96,16,12,
1028,608,98,16,29,
1029,749,920,28,20,
1030,57,463,15,26,
1031,888,575,12,11,
1032,717,601,16,18,
1033,594,456,23,28,
1034,920,775,13,19,
1035,912,712,28,11,
1036,102,729,12,19,
1037,172,470,16,7,
1038,456,488,17,11,
1039,204,612,12,21,
1040,388,628,13,10,
1041,320,566,18,28,
1042,572,734,16,29,
1043,968,210,17,19,
1044,219,579,17,24,
1045,821,102,29,27,
1046,715,863,24,27,
1047,552,704,21,13,
1048,877,415,17,16,
1049,786,633,28,29,
1050,847,931,26,16,
1051,763,935,27,17,
1052,641,662,15,22,
1053,808,757,26,22,
1054,134,496,18,22,
1055,200,830,11,11,
1056,789,808,16,13,
1057,651,105,20,20,
1058,153,732,17,17,
1059,632,836,29,29,
1060,111,832,16,28,
1061,133,148,13,13,
1062,662,390,20,14,
1063,438,305,14,20,
1064,360,480,13,22,
1065,821,176,14,28,
1066,969,737,25,27,
1067,42,734,28,28,
1068,339,945,16,24,
1069,817,501,17,11,
1070,754,973,25,17,
1071,909,555,16,18,
1072,516,535,21,28,
1073,826,191,29,27,
1074,313,95,17,24,
1075,92,865,19,22,
1076,212,592,16,22,
1077,965,198,21,15,
1078,604,742,12,20,
1079,866,40,12,12,
1080,308,267,12,12,
1081,182,410,19,14,
1082,78,474,12,27,
1083,130,151,22,24,
1084,354,64,14,20,
1085,314,602,16,23,
1086,860,27,20,24,
1087,674,456,11,24,
1088,697,790,19,17,
1089,592,312,27,27,
1090,670,919,6,12,
1091,135,542,17,13,
1092,273,519,18,18,
1093,703,305,10,27,
1094,502,528,16,22,
1095,472,80,29,16,
1096,284,611,29,14,
1097,47,305,13,16,
1098,949,7,16,13,
1099,568,163,25,22,
1100,787,234,13,25,
1101,96,448,23,20,
1102,657,571,12,10,
1103,206,304,29,16,
1104,55,799,13,20,
1105,441,775,11,22,
1106,446,90,29,21,
1107,3,451,23,17,
1108,716,257,14,27,
1109,316,104,12,18,
1110,321,115,15,17,
1111,937,185,12,16,
1112,241,68,19,29,
1113,126,44,15,17,
1114,53,701,25,25,
1115,328,17,14,10,
1116,849,619,10,19,
1117,10,669,23,15,
1118,205,522,21,25,
1119,210,279,10,28,
1120,170,11,11,28,
1121,516,571,27,19,
1122,96,267,23,20,
1123,874,952,22,14,
1124,376,604,26,14,
1125,772,127,10,22,
1126,58,666,23,10,
1127,174,586,16,21,
1128,189,442,11,25,
1129,233,253,28,21,
1130,271,157,10,24,
1131,42,126,25,23,
1132,380,773,29,19,
1133,870,236,20,18,
1134,21,692,28,27,
1135,307,3,29,16,
1136,514,532,15,26,
1137,174,659,16,25,
1138,831,618,17,28,
1139,553,905,19,21,
1140,582,571,23,11,
1141,819,414,26,12,
1142,307,571,15,25,
1143,937,299,21,19,
1144,416,15,26,13,
1145,280,114,17,10,
1146,669,715,10,27,
1147,199,601,26,26,
1148,523,332,18,25,
1149,370,821,24,20,
1150,482,532,25,17,
1151,377,485,3,15,
1152,390,918,10,18,
1153,559,339,20,11,
1154,659,969,28,13,
1155,641,107,13,16,
1156,798,887,11,22,
1157,714,717,25,18,
1158,920,161,11,13,
1159,976,736,19,12,
1160,316,868,12,11,
1161,102,681,27,11,
1162,363,954,10,11,
1163,382,490,25,21,
1164,717,579,26,12,
1165,498,717,16,15,
1166,47,954,10,22,
1167,520,396,20,25,
1168,33,19,25,27,
1169,782,511,18,14,
1170,342,755,29,10,
1171,442,488,25,12,
1172,785,552,12,24,
1173,960,331,11,20,
1174,194,832,20,15,
1175,658,63,13,21,
1176,245,947,28,12,
1177,716,565,17,29,
1178,399,63,26,25,
1179,521,934,21,21,
1180,854,71,21,25,
1181,713,624,27,27,
1182,849,545,16,17,
1183,243,577,12,22,
1184,496,899,13,21,
1185,509,902,27,12,
1186,530,524,14,21,
1187,314,822,27,16,
1188,767,282,3,12,
1189,839,542,19,10,
1190,959,517,20,26,
1191,64,382,21,13,
1192,575,9,27,25,
1193,44,325,22,17,
1194,187,261,27,17,
1195,568,704,13,11,
1196,535,749,24,29,
1197,800,4,25,13,
1198,248,607,19,23,
1199,377,46,19,12,
1200,785,15,23,20,
1201,853,212,27,15,
1202,279,831,20,14,
1203,509,725,17,13,
1204,549,927,19,12,
1205,193,232,10,12,
1206,740,373,11,27,
1207,727,578,26,10,
1208,11,711,24,22,
1209,970,181,13,12,
1210,161,551,11,9,
1211,663,650,20,12,
1212,0,743,28,19,
1213,676,627,16,12,
1214,641,716,26,19,
1215,654,908,29,10,
1216,200,105,25,23,
1217,490,540,11,28,
1218,152,658,11,17,
1219,133,626,10,22,
1220,968,316,19,26,
1221,235,832,22,27,
1222,335,11,28,27,
1223,472,82,14,24,
1224,551,297,12,11,
1225,821,933,14,10,
1226,948,953,21,13,
1227,307,514,14,14,
1228,299,947,12,24,
1229,116,63,20,23,
1230,928,166,21,10,
1231,446,631,10,16,
1232,326,592,20,24,
1233,366,483,27,23,
1234,306,292,25,28,
1235,156,270,25,23,
1236,198,335,17,19,
1237,898,670,29,22,
1238,624,521,21,13,
1239,209,178,20,21,
1240,190,33,6,4,
1241,566,812,13,14,
1242,102,835,15,13,
1243,153,196,11,22,
1244,153,670,13,24,
1245,551,295,23,27,
1246,132,475,19,28,
1247,760,292,28,24,
1248,766,755,11,24,
1249,917,944,11,25,
1250,736,765,11,28,
1251,421,45,23,24,
1252,351,323,20,24,
1253,850,371,17,13,
1254,520,955,24,14,
1255,276,113,17,11,
1256,616,27,26,19,
1257,782,826,14,10,
1258,526,471,28,21,
1259,668,210,19,27,
1260,930,732,13,22,
1261,272,77,19,15,
1262,359,24,15,22,
1263,49,668,26,22,
1264,629,465,10,9,
1265,429,317,24,28,
